{
  "project_info": {
    "project_number": "917393366442",
    "firebase_url": "https://timen-co-default-rtdb.firebaseio.com",
    "project_id": "timen-co",
    "storage_bucket": "timen-co.appspot.com"
  },
  "client": [
    {
      "client_info": {
        "mobilesdk_app_id": "1:917393366442:android:be0619a00acc2366499fd3",
        "android_client_info": {
          "package_name": "com.example.timentco"
        }
      },
      "oauth_client": [],
      "api_key": [
        {
          "current_key": "AIzaSyBOPFiPEbggJIrgqi0oQAQO0ReSclT1THE"
        }
      ],
      "services": {
        "appinvite_service": {
          "other_platform_oauth_client": []
        }
      }
    }
  ],
  "configuration_version": "1"
}